ID,SF,Face rating,Emotion rating,Emotion
1,1,4,6,happy
1,2,3,6,happy
1,1,5,7,happy
1,2,4,2,angry
1,2,2,4,happy
1,2,2,3,angry
1,2,5,2,angry
1,2,6,1,angry
1,2,2,4,happy
1,2,2,3,angry
1,1,5,6,happy
1,2,2,5,happy
1,2,4,7,happy
1,2,5,1,angry
1,2,5,2,angry
1,2,3,4,happy
1,1,5,4,happy
1,2,3,4,angry
1,1,4,2,angry
1,2,2,4,happy
1,1,2,5,happy
1,1,3,4,angry
1,1,5,5,happy
1,2,4,3,angry
1,2,3,2,angry
1,2,3,2,angry
1,2,1,4,angry
1,2,5,4,angry
1,2,5,6,happy
1,2,5,6,happy
1,2,4,7,happy
1,1,1,2,angry
1,2,5,7,happy
1,2,2,6,happy
1,1,5,1,angry
1,2,5,5,happy
1,2,4,5,happy
1,2,3,2,angry
1,1,2,5,happy
1,2,5,7,angry
2,1,5,7,happy
2,2,4,4,happy
2,2,4,5,happy
2,2,4,1,angry
2,2,4,6,happy
2,2,3,1,angry
2,2,4,2,angry
2,2,5,1,angry
2,2,3,4,happy
2,2,4,2,angry
2,2,5,2,angry
2,2,5,4,happy
2,1,4,3,angry
2,2,5,2,angry
2,2,6,3,angry
2,2,5,5,happy
2,2,5,4,angry
2,2,5,4,angry
2,1,6,3,angry
2,1,5,3,angry
2,1,5,5,happy
2,1,5,3,angry
2,1,5,4,happy
2,1,4,3,angry
2,2,6,2,angry
2,2,5,2,angry
2,2,5,4,angry
2,2,6,3,angry
2,2,6,6,happy
2,2,5,5,happy
2,1,6,2,angry
2,1,6,3,angry
2,1,5,4,happy
2,1,6,2,angry
2,1,7,3,angry
2,2,7,7,happy
2,2,6,5,happy
2,1,7,4,happy
2,1,5,5,happy
2,1,5,4,happy
3,2,5,1,angry
3,2,5,7,angry
3,1,5,7,happy
3,2,5,1,angry
3,2,5,7,happy
3,2,4,1,angry
3,2,6,1,angry
3,2,6,1,angry
3,2,5,4,happy
3,2,5,1,angry
3,2,6,1,angry
3,2,5,7,happy
3,2,5,7,happy
3,2,6,1,angry
3,2,7,3,angry
3,2,6,7,happy
3,1,5,4,happy
3,2,5,4,angry
3,1,5,3,angry
3,2,6,3,happy
3,2,5,7,happy
3,1,5,1,angry
3,1,3,4,happy
3,2,3,2,angry
3,2,4,1,angry
3,2,5,2,angry
3,2,3,3,angry
3,2,4,3,angry
3,2,5,7,happy
3,2,5,7,happy
3,2,5,7,happy
3,1,5,1,angry
3,2,5,7,happy
3,1,5,1,angry
3,1,5,3,angry
3,2,4,7,happy
3,2,4,6,happy
3,1,5,7,happy
3,1,3,6,happy
3,2,6,7,angry
4,1,3,1,happy
4,2,5,6,happy
4,1,6,6,happy
4,2,5,2,angry
4,2,5,5,happy
4,2,3,2,angry
4,2,5,3,angry
4,2,6,2,angry
4,1,2,6,happy
4,2,2,3,angry
4,1,6,6,happy
4,2,5,6,happy
4,2,5,5,happy
4,2,5,2,angry
4,2,5,3,angry
4,2,6,6,happy
4,1,5,4,happy
4,2,4,5,angry
4,1,5,3,angry
4,2,6,3,happy
4,2,5,6,happy
4,1,3,3,angry
4,1,5,6,happy
4,2,5,3,angry
4,2,5,2,angry
4,2,5,3,angry
4,2,2,3,angry
4,2,5,3,angry
4,2,6,6,happy
4,2,5,6,happy
4,2,5,6,happy
4,1,2,2,angry
4,2,5,6,happy
4,1,2,3,angry
4,1,6,4,angry
4,2,6,6,happy
4,2,6,3,happy
4,1,6,6,happy
4,1,5,5,happy
4,2,5,5,angry
5,1,6,7,happy
5,1,4,5,happy
5,1,2,7,happy
5,2,2,1,angry
5,2,2,7,happy
5,1,2,7,happy
5,2,5,1,angry
5,1,6,1,angry
5,1,2,7,happy
5,2,2,2,angry
5,2,2,2,angry
5,2,2,7,happy
5,1,1,1,angry
5,2,1,1,angry
5,2,2,2,angry
5,2,2,7,happy
5,1,6,4,happy
5,1,4,6,happy
5,2,2,2,angry
5,2,6,4,happy
5,2,2,7,happy
5,1,2,2,angry
5,1,6,7,happy
5,2,4,4,angry
5,2,2,1,angry
5,2,4,2,angry
5,2,2,2,angry
5,2,4,4,angry
5,2,6,7,happy
5,1,2,2,angry
5,1,2,1,angry
5,1,2,2,angry
5,1,1,5,happy
5,1,3,2,angry
5,1,3,4,angry
5,1,3,4,angry
5,2,2,6,happy
5,1,5,6,happy
5,2,5,7,happy
5,1,4,5,happy
6,1,5,5,happy
6,2,4,4,happy
6,1,6,7,happy
6,1,3,3,angry
6,1,6,7,happy
6,1,6,6,happy
6,1,3,2,angry
6,2,5,1,angry
6,2,2,4,happy
6,2,4,2,angry
6,2,6,2,angry
6,2,3,7,happy
6,2,6,6,happy
6,2,6,1,angry
6,2,7,2,angry
6,2,5,7,happy
6,2,4,2,angry
6,1,4,5,happy
6,1,4,1,angry
6,2,4,4,happy
6,2,4,7,happy
6,1,4,2,angry
6,1,6,4,happy
6,2,4,4,angry
6,2,4,2,angry
6,2,5,3,angry
6,2,2,3,angry
6,2,4,2,angry
6,2,7,7,happy
6,2,6,7,happy
6,2,6,7,happy
6,1,2,1,angry
6,1,6,6,happy
6,1,4,1,angry
6,1,7,4,angry
6,2,6,6,happy
6,2,5,6,happy
6,1,7,6,happy
6,1,4,6,happy
6,2,6,6,angry
7,2,3,2,angry
7,1,3,5,happy
7,1,2,6,happy
7,2,4,2,angry
7,2,4,6,happy
7,1,2,5,happy
7,2,5,3,angry
7,2,3,4,angry
7,1,1,6,happy
7,2,2,3,angry
7,1,6,6,happy
7,2,3,5,happy
7,2,6,6,happy
7,2,3,2,angry
7,2,7,4,angry
7,2,4,5,happy
7,1,7,4,happy
7,1,5,4,happy
7,1,3,3,angry
7,2,4,4,happy
7,1,3,5,happy
7,1,4,3,angry
7,1,6,5,happy
7,2,6,4,angry
7,2,3,3,angry
7,2,3,3,angry
7,2,3,3,angry
7,1,3,5,happy
7,1,5,6,happy
7,1,5,4,angry
7,1,5,3,angry
7,1,3,2,angry
7,2,3,5,happy
7,1,3,2,angry
7,1,7,4,angry
7,2,5,5,happy
7,2,5,4,happy
7,1,6,3,happy
7,2,2,2,happy
7,2,5,4,angry
8,2,5,5,angry
8,2,6,4,happy
8,1,6,4,happy
8,2,5,2,angry
8,2,5,6,happy
8,1,2,5,happy
8,1,4,4,angry
8,2,3,4,angry
8,2,3,4,happy
8,2,5,4,angry
8,2,5,4,angry
8,2,3,5,happy
8,2,5,5,happy
8,2,5,3,angry
8,2,6,3,angry
8,2,4,5,happy
8,1,4,4,happy
8,1,4,5,happy
8,1,4,3,angry
8,2,4,4,happy
8,2,5,5,happy
8,1,3,4,angry
8,1,5,5,happy
8,1,3,4,angry
8,2,5,3,angry
8,2,5,3,angry
8,2,5,4,angry
8,2,5,4,angry
8,1,5,6,happy
8,2,2,5,happy
8,2,5,5,happy
8,1,2,3,angry
8,1,3,5,happy
8,1,3,4,angry
8,1,5,4,angry
8,2,3,5,happy
8,2,4,4,happy
8,1,5,4,happy
8,1,5,5,happy
8,2,5,5,angry
9,2,7,1,angry
9,1,5,7,happy
9,1,7,7,happy
9,2,7,1,angry
9,2,7,7,happy
9,2,4,1,angry
9,2,7,1,angry
9,2,6,1,angry
9,2,6,6,happy
9,2,7,1,angry
9,2,7,1,angry
9,2,6,7,happy
9,2,7,7,happy
9,2,7,1,angry
9,2,7,1,angry
9,2,7,7,happy
9,1,6,5,happy
9,2,7,6,angry
9,1,7,1,angry
9,1,5,2,angry
9,2,6,7,happy
9,1,6,1,angry
9,1,7,7,happy
9,2,7,3,angry
9,2,7,1,angry
9,2,7,1,angry
9,2,6,2,angry
9,2,7,2,angry
9,2,7,7,happy
9,1,7,1,angry
9,2,7,7,happy
9,1,6,2,angry
9,1,6,6,happy
9,1,7,1,angry
9,1,7,2,angry
9,2,7,7,happy
9,2,7,7,happy
9,2,7,1,angry
9,1,7,7,happy
9,2,7,7,angry
10,2,5,2,angry
10,1,6,7,happy
10,1,4,7,happy
10,2,5,3,angry
10,2,7,7,happy
10,2,3,4,angry
10,2,6,3,angry
10,2,3,2,angry
10,2,2,4,happy
10,2,3,3,angry
10,2,4,4,angry
10,2,6,6,happy
10,2,4,6,happy
10,2,4,2,angry
10,2,6,4,angry
10,2,4,6,happy
10,1,4,4,happy
10,2,4,4,angry
10,1,5,4,angry
10,2,4,6,happy
10,2,5,6,happy
10,1,3,4,angry
10,1,5,4,happy
10,2,4,4,angry
10,2,5,2,angry
10,2,6,2,angry
10,2,4,4,angry
10,2,6,4,angry
10,2,6,6,happy
10,2,6,6,happy
10,2,6,6,happy
10,1,3,4,angry
10,2,5,6,happy
10,1,4,3,angry
10,1,4,4,angry
10,2,4,6,happy
10,2,4,4,happy
10,1,4,4,happy
10,1,4,6,happy
10,2,6,6,angry
11,2,2,1,angry
11,2,6,7,happy
11,1,4,6,happy
11,2,5,2,angry
11,2,5,5,happy
11,2,5,3,angry
11,2,5,3,angry
11,2,5,3,angry
11,2,4,4,happy
11,2,5,3,angry
11,1,5,5,happy
11,2,5,5,happy
11,2,5,5,happy
11,2,5,1,angry
11,2,5,3,angry
11,2,5,5,happy
11,1,6,4,happy
11,1,5,5,happy
11,2,5,3,angry
11,1,4,3,angry
11,2,5,7,happy
11,1,5,3,angry
11,1,5,4,happy
11,2,5,4,angry
11,2,5,1,angry
11,1,5,3,angry
11,2,5,3,angry
11,2,5,4,angry
11,1,6,7,happy
11,2,5,6,happy
11,2,6,7,happy
11,2,4,4,angry
11,1,6,7,happy
11,1,5,3,angry
11,1,6,3,angry
11,2,5,5,happy
11,2,5,5,happy
11,1,5,4,happy
11,1,5,6,happy
11,2,6,6,angry
12,1,3,6,happy
12,1,6,5,happy
12,1,6,7,happy
12,2,5,1,angry
12,2,6,6,happy
12,2,3,2,angry
12,2,5,1,angry
12,2,5,1,angry
12,2,5,4,happy
12,2,5,1,angry
12,2,5,1,angry
12,2,4,6,happy
12,2,4,7,happy
12,2,6,1,angry
12,2,6,2,angry
12,2,4,6,happy
12,1,5,6,happy
12,1,5,4,happy
12,1,5,3,angry
12,2,4,4,happy
12,2,6,6,happy
12,1,2,3,angry
12,1,5,3,happy
12,2,6,3,angry
12,1,4,4,happy
12,2,5,2,angry
12,2,5,2,angry
12,2,5,2,angry
12,1,4,6,happy
12,2,6,6,happy
12,2,5,6,happy
12,2,5,2,angry
12,2,5,3,happy
12,1,5,2,angry
12,1,5,2,angry
12,2,6,6,happy
12,2,5,5,happy
12,2,5,3,angry
12,1,5,6,happy
12,2,4,6,angry
13,2,3,2,angry
13,1,3,6,happy
13,1,5,7,happy
13,2,6,2,angry
13,2,6,7,happy
13,2,3,3,angry
13,2,6,2,angry
13,2,6,1,angry
13,2,5,4,happy
13,2,6,3,angry
13,2,6,2,angry
13,2,6,7,happy
13,2,6,7,happy
13,2,5,1,angry
13,2,6,2,angry
13,2,6,7,happy
13,1,5,5,happy
13,2,5,7,angry
13,1,5,2,angry
13,2,3,5,happy
13,2,6,7,happy
13,1,5,2,angry
13,1,5,7,happy
13,2,6,4,angry
13,2,6,2,angry
13,2,6,1,angry
13,2,3,3,angry
13,2,5,3,angry
13,2,6,7,happy
13,2,6,7,happy
13,2,6,7,happy
13,2,3,2,angry
13,2,5,7,happy
13,1,6,1,angry
13,2,6,7,happy
13,2,4,7,happy
13,2,6,7,happy
13,2,5,2,angry
13,1,5,7,happy
13,2,6,7,angry
14,1,5,6,happy
14,2,6,7,happy
14,1,6,7,happy
14,2,7,1,angry
14,1,2,5,happy
14,2,4,2,angry
14,2,6,2,angry
14,2,6,1,angry
14,2,2,3,happy
14,2,5,1,angry
14,1,7,7,happy
14,2,1,7,happy
14,1,3,1,angry
14,2,5,1,angry
14,2,6,2,angry
14,2,4,7,happy
14,2,4,1,angry
14,2,4,5,angry
14,1,4,2,angry
14,1,4,2,angry
14,2,4,7,happy
14,1,4,2,angry
14,1,4,4,happy
14,2,4,3,angry
14,2,5,1,angry
14,2,5,2,angry
14,2,3,3,angry
14,1,3,3,happy
14,2,7,6,happy
14,2,6,7,happy
14,2,5,3,happy
14,2,3,3,angry
14,1,5,2,happy
14,2,1,4,happy
14,1,4,3,angry
14,2,5,7,happy
14,2,7,7,happy
14,2,6,2,angry
14,1,5,6,happy
14,2,7,7,angry
15,1,5,6,happy
15,1,6,6,happy
15,1,6,6,happy
15,2,5,3,angry
15,2,4,4,happy
15,2,3,3,angry
15,2,5,3,angry
15,2,4,3,angry
15,2,3,4,happy
15,2,3,3,angry
15,2,6,3,angry
15,2,4,5,happy
15,2,6,5,happy
15,2,5,2,angry
15,2,6,3,angry
15,2,3,5,happy
15,1,5,4,happy
15,2,3,3,angry
15,1,5,3,angry
15,2,3,3,happy
15,2,5,5,happy
15,1,3,2,angry
15,1,4,4,happy
15,2,5,4,angry
15,2,5,3,angry
15,2,5,3,angry
15,2,2,3,angry
15,2,5,3,angry
15,1,6,5,happy
15,2,5,5,happy
15,2,6,6,happy
15,2,3,4,angry
15,1,5,4,happy
15,1,6,1,angry
15,1,6,3,angry
15,2,5,5,happy
15,2,5,4,happy
15,2,6,2,angry
15,1,5,4,happy
15,2,6,6,angry
16,1,3,7,happy
16,1,2,5,happy
16,1,5,7,happy
16,2,6,2,angry
16,2,5,5,happy
16,2,2,2,angry
16,2,4,2,angry
16,2,2,2,angry
16,2,3,4,happy
16,2,4,3,angry
16,2,4,3,angry
16,2,2,6,happy
16,2,5,7,happy
16,2,2,2,angry
16,2,3,3,angry
16,2,2,4,happy
16,1,3,4,happy
16,1,2,3,happy
16,1,3,3,angry
16,1,1,2,angry
16,1,2,4,happy
16,1,2,3,angry
16,1,2,3,happy
16,2,3,4,angry
16,2,2,3,angry
16,2,3,3,angry
16,2,2,2,angry
16,2,3,3,angry
16,1,5,7,happy
16,2,5,5,happy
16,2,5,7,happy
16,1,3,2,angry
16,2,4,7,happy
16,1,2,1,angry
16,1,3,3,angry
16,2,3,6,happy
16,2,3,3,happy
16,1,4,4,happy
16,1,3,5,happy
16,2,3,5,angry
17,2,4,1,angry
17,1,3,4,happy
17,1,7,4,happy
17,1,3,4,angry
17,2,6,6,happy
17,2,2,2,angry
17,1,2,1,angry
17,2,5,2,angry
17,2,4,4,happy
17,2,3,2,angry
17,1,6,7,happy
17,2,3,6,happy
17,2,6,6,happy
17,2,2,1,angry
17,2,5,3,angry
17,2,5,5,happy
17,1,3,2,happy
17,1,5,3,happy
17,2,4,4,angry
17,2,3,2,happy
17,2,4,6,happy
17,1,3,2,angry
17,1,5,4,happy
17,2,3,2,angry
17,2,3,1,angry
17,2,5,1,angry
17,2,4,3,angry
17,2,4,3,angry
17,1,5,7,happy
17,2,7,7,happy
17,2,6,7,happy
17,1,1,1,angry
17,2,4,6,happy
17,1,4,1,angry
17,1,5,3,angry
17,2,4,7,happy
17,2,4,4,happy
17,1,5,3,happy
17,1,5,4,happy
17,2,5,5,angry
18,1,2,6,happy
18,1,5,5,happy
18,1,6,6,happy
18,2,4,3,angry
18,1,5,5,happy
18,2,4,3,angry
18,2,5,3,angry
18,2,6,2,angry
18,2,5,4,happy
18,2,4,2,angry
18,1,5,6,happy
18,2,4,6,happy
18,2,5,6,happy
18,2,5,2,angry
18,2,6,3,angry
18,2,5,6,happy
18,1,5,4,happy
18,2,5,5,angry
18,1,5,3,angry
18,2,4,3,happy
18,2,5,5,happy
18,1,4,4,angry
18,1,4,4,happy
18,2,4,4,angry
18,2,4,2,angry
18,2,4,3,angry
18,2,2,4,angry
18,2,3,4,angry
18,2,5,5,happy
18,2,2,5,happy
18,2,4,4,happy
18,1,2,4,angry
18,2,4,6,happy
18,2,2,5,happy
18,1,2,3,angry
18,2,3,5,happy
18,2,3,5,happy
18,1,3,4,happy
18,1,2,4,happy
18,2,2,6,angry
19,1,5,5,happy
19,2,4,4,happy
19,1,6,6,happy
19,1,4,3,angry
19,2,3,4,happy
19,1,2,4,happy
19,2,5,2,angry
19,2,5,2,angry
19,2,2,4,happy
19,2,3,3,angry
19,2,4,3,angry
19,2,2,4,happy
19,2,2,5,happy
19,2,4,2,angry
19,2,4,4,angry
19,2,4,5,happy
19,1,5,4,happy
19,2,2,4,angry
19,1,2,3,angry
19,1,3,4,angry
19,2,2,5,happy
19,1,2,4,angry
19,1,3,4,happy
19,2,2,4,angry
19,2,2,3,angry
19,2,2,2,angry
19,2,2,4,angry
19,2,2,4,angry
19,2,4,5,happy
19,2,2,5,happy
19,1,4,2,angry
19,1,2,4,angry
19,1,2,5,happy
19,1,3,2,angry
19,1,5,4,angry
19,2,2,5,happy
19,2,4,4,happy
19,1,3,4,happy
19,1,3,4,happy
19,1,2,4,happy
20,1,3,6,happy
20,1,6,6,happy
20,1,7,7,happy
20,1,7,4,angry
20,2,6,6,happy
20,1,4,6,happy
20,1,5,2,angry
20,2,6,1,angry
20,2,4,4,happy
20,2,6,2,angry
20,1,7,7,happy
20,2,5,5,happy
20,2,5,6,happy
20,2,7,1,angry
20,2,6,2,angry
20,2,6,7,happy
20,2,5,2,angry
20,2,2,4,angry
20,1,4,4,angry
20,1,3,2,angry
20,2,6,6,happy
20,1,2,1,angry
20,1,4,3,happy
20,2,2,4,angry
20,2,5,2,angry
20,2,6,2,angry
20,1,2,4,happy
20,2,4,4,angry
20,1,6,6,happy
20,2,5,5,happy
20,2,6,6,happy
20,1,3,2,angry
20,2,7,7,happy
20,1,5,1,angry
20,2,5,7,happy
20,2,5,7,happy
20,2,5,4,happy
20,1,5,4,happy
20,1,5,6,happy
20,2,6,6,angry
21,2,4,1,angry
21,2,5,6,happy
21,1,6,7,happy
21,2,5,1,angry
21,2,5,6,happy
21,1,3,7,happy
21,2,5,1,angry
21,2,6,1,angry
21,1,5,7,happy
21,2,5,1,angry
21,2,6,2,angry
21,2,5,7,happy
21,2,6,7,happy
21,2,5,2,angry
21,2,6,1,angry
21,2,6,7,happy
21,1,7,5,happy
21,2,6,5,angry
21,1,6,3,angry
21,2,6,6,happy
21,2,6,7,happy
21,2,2,4,angry
21,1,5,5,happy
21,2,5,3,angry
21,2,5,1,angry
21,2,5,3,angry
21,2,2,2,angry
21,2,5,3,angry
21,1,6,7,happy
21,2,6,7,happy
21,2,6,7,happy
21,2,5,3,angry
21,2,6,7,happy
21,1,5,1,angry
21,1,6,2,angry
21,2,5,6,happy
21,2,5,5,happy
21,1,6,5,happy
21,1,6,5,happy
21,2,5,5,angry
22,2,4,2,angry
22,2,6,5,happy
22,2,5,4,happy
22,1,4,2,angry
22,2,4,7,happy
22,2,3,2,angry
22,2,3,4,angry
22,2,5,1,angry
22,2,4,4,happy
22,2,5,3,angry
22,1,6,7,happy
22,2,4,7,happy
22,2,5,6,happy
22,2,4,2,angry
22,2,5,4,angry
22,2,5,6,happy
22,1,4,4,happy
22,1,5,4,happy
22,1,5,3,angry
22,1,3,2,angry
22,1,5,6,happy
22,1,3,4,angry
22,1,4,4,happy
22,2,4,4,angry
22,2,5,3,angry
22,2,4,3,angry
22,2,4,4,angry
22,2,5,3,angry
22,2,6,6,happy
22,2,5,7,happy
22,2,5,7,happy
22,1,3,3,angry
22,2,5,5,happy
22,1,4,3,angry
22,1,4,3,angry
22,2,5,5,happy
22,2,5,3,happy
22,1,5,4,happy
22,2,5,6,happy
22,2,6,6,angry
23,1,3,6,happy
23,1,4,4,happy
23,1,7,7,happy
23,2,3,2,angry
23,2,3,6,happy
23,1,1,6,happy
23,2,5,2,angry
23,2,5,2,angry
23,1,2,6,happy
23,2,2,2,angry
23,1,5,6,happy
23,2,5,6,happy
23,2,5,5,happy
23,2,5,2,angry
23,2,4,2,angry
23,2,5,5,happy
23,2,6,2,angry
23,2,6,2,angry
23,1,2,2,angry
23,2,5,3,happy
23,2,3,5,happy
23,1,1,2,angry
23,1,6,3,happy
23,2,6,4,angry
23,2,4,2,angry
23,2,5,2,angry
23,1,1,4,happy
23,1,4,4,happy
23,1,6,6,happy
23,2,5,6,happy
23,2,5,6,happy
23,1,5,2,angry
23,2,6,5,happy
23,1,5,2,angry
23,2,5,5,happy
23,2,4,5,happy
23,2,2,2,happy
23,2,4,2,angry
23,1,4,5,happy
23,2,5,5,angry
24,2,7,1,angry
24,1,7,7,happy
24,1,7,7,happy
24,1,7,1,angry
24,1,7,7,happy
24,1,4,7,happy
24,2,7,1,angry
24,2,7,2,angry
24,2,5,4,happy
24,2,7,1,angry
24,1,7,7,happy
24,2,6,7,happy
24,2,7,7,happy
24,2,7,1,angry
24,2,7,1,angry
24,2,7,7,happy
24,2,7,1,angry
24,2,6,7,angry
24,2,6,1,angry
24,1,7,1,angry
24,1,6,7,happy
24,2,4,3,angry
24,1,7,5,happy
24,2,6,4,angry
24,2,7,1,angry
24,2,6,1,angry
24,2,4,2,angry
24,2,7,2,angry
24,2,7,7,happy
24,2,7,7,happy
24,1,7,1,angry
24,1,6,1,angry
24,2,7,7,happy
24,2,7,7,happy
24,1,7,3,angry
24,2,7,7,happy
24,2,7,1,happy
24,1,7,7,happy
24,1,7,7,happy
24,2,7,7,angry
25,1,3,5,happy
25,1,6,3,happy
25,1,7,6,happy
25,2,6,2,angry
25,2,6,6,happy
25,1,5,4,happy
25,2,5,4,angry
25,2,4,4,angry
25,2,2,4,happy
25,2,4,3,angry
25,2,6,3,angry
25,2,6,5,happy
25,2,4,5,happy
25,2,4,3,angry
25,2,5,3,angry
25,2,4,5,happy
25,1,4,4,happy
25,1,4,4,happy
25,1,4,3,angry
25,1,3,3,angry
25,2,4,5,happy
25,1,3,3,angry
25,1,4,3,happy
25,2,4,4,angry
25,2,4,3,angry
25,2,3,4,angry
25,1,2,4,happy
25,2,5,2,angry
25,2,5,6,happy
25,2,5,5,happy
25,2,6,6,happy
25,1,3,3,angry
25,2,5,6,happy
25,1,5,2,angry
25,2,3,6,happy
25,2,5,7,happy
25,2,6,2,happy
25,1,5,6,happy
25,1,3,6,happy
25,2,5,5,angry
26,2,5,1,angry
26,1,3,6,happy
26,1,6,7,happy
26,2,6,1,angry
26,2,4,5,happy
26,1,5,5,happy
26,1,5,3,angry
26,2,5,3,angry
26,1,5,5,happy
26,2,5,3,angry
26,1,5,6,happy
26,2,5,6,happy
26,2,3,6,happy
26,2,3,2,angry
26,2,4,3,angry
26,2,4,6,happy
26,1,3,3,happy
26,2,2,6,angry
26,1,3,2,angry
26,1,2,2,angry
26,2,4,6,happy
26,1,3,2,angry
26,1,4,2,happy
26,2,3,3,angry
26,2,3,3,angry
26,2,3,2,angry
26,1,2,2,happy
26,2,3,2,angry
26,2,4,7,happy
26,2,5,7,happy
26,2,6,7,happy
26,2,4,2,angry
26,2,5,6,happy
26,1,3,2,angry
26,2,4,6,happy
26,2,4,6,happy
26,1,4,6,happy
26,1,4,6,happy
26,1,4,6,happy
26,2,4,7,angry
27,1,3,7,happy
27,2,3,6,happy
27,1,4,7,happy
27,1,3,2,angry
27,2,5,7,happy
27,1,2,7,happy
27,2,6,2,angry
27,2,6,1,angry
27,2,2,4,happy
27,2,2,3,angry
27,2,6,3,angry
27,2,6,7,happy
27,2,6,7,happy
27,2,5,1,angry
27,2,7,3,angry
27,2,5,7,happy
27,1,6,4,happy
27,2,2,5,angry
27,1,5,3,angry
27,2,5,4,happy
27,2,5,7,happy
27,1,2,4,angry
27,1,5,5,happy
27,2,6,4,angry
27,2,5,2,angry
27,2,5,3,angry
27,2,2,3,angry
27,2,6,4,angry
27,2,6,5,happy
27,2,3,5,happy
27,2,5,7,happy
27,1,2,3,angry
27,2,7,7,happy
27,1,5,3,angry
27,1,6,3,angry
27,2,6,7,happy
27,2,6,4,happy
27,2,5,4,angry
27,1,2,5,happy
27,2,5,5,angry
28,1,5,5,happy
28,1,5,5,happy
28,1,4,4,happy
28,2,3,2,angry
28,2,3,6,happy
28,1,2,4,happy
28,2,6,3,angry
28,2,3,2,angry
28,2,3,5,happy
28,2,2,2,angry
28,2,5,3,angry
28,2,2,4,happy
28,2,3,6,happy
28,2,3,2,angry
28,2,6,3,angry
28,2,5,5,happy
28,1,3,4,happy
28,2,3,5,angry
28,1,4,3,angry
28,2,3,2,happy
28,2,3,6,happy
28,2,2,2,angry
28,1,4,4,happy
28,2,5,4,angry
28,2,3,3,angry
28,2,4,3,angry
28,1,1,4,happy
28,2,5,3,angry
28,2,5,6,happy
28,2,5,6,happy
28,2,6,7,happy
28,2,3,3,angry
28,2,5,6,happy
28,1,3,1,angry
28,1,5,3,angry
28,2,4,6,happy
28,2,4,3,happy
28,1,4,4,happy
28,1,2,4,happy
28,2,5,5,angry
29,1,3,7,happy
29,2,5,7,happy
29,2,5,1,happy
29,2,5,1,angry
29,2,4,7,happy
29,2,7,1,angry
29,2,3,1,angry
29,2,1,1,angry
29,2,1,6,happy
29,2,3,2,angry
29,1,2,7,happy
29,2,5,7,happy
29,2,2,6,happy
29,2,2,1,angry
29,2,2,2,angry
29,2,2,6,happy
29,1,7,4,happy
29,2,1,4,angry
29,2,4,2,angry
29,1,6,2,angry
29,2,3,7,happy
29,1,3,1,angry
29,2,3,2,angry
29,2,2,2,angry
29,1,1,7,happy
29,2,2,1,angry
29,2,2,2,angry
29,2,1,1,angry
29,1,6,5,happy
29,2,1,7,happy
29,2,2,6,happy
29,1,3,2,angry
29,1,2,6,happy
29,1,5,1,angry
29,2,5,6,happy
29,2,1,5,happy
29,2,4,5,happy
29,2,2,1,angry
29,2,4,5,happy
29,2,5,7,angry
30,1,5,6,happy
30,1,6,7,happy
30,1,5,6,happy
30,2,5,1,angry
30,2,6,6,happy
30,1,3,6,happy
30,2,4,3,angry
30,2,5,2,angry
30,2,3,4,happy
30,2,3,3,angry
30,2,5,3,angry
30,1,3,4,angry
30,2,5,6,happy
30,2,4,2,angry
30,2,6,3,angry
30,2,3,6,happy
30,1,6,4,happy
30,1,3,5,happy
30,1,5,3,angry
30,1,3,3,angry
30,2,3,6,happy
30,1,3,3,angry
30,1,4,3,happy
30,2,3,3,angry
30,2,4,1,angry
30,1,2,4,angry
30,2,2,3,angry
30,2,5,3,angry
30,1,6,5,happy
30,2,5,6,happy
30,1,6,2,angry
30,1,3,3,angry
30,1,5,5,happy
30,1,5,2,angry
30,1,6,3,angry
30,2,5,5,happy
30,2,6,5,happy
30,2,3,3,angry
30,1,3,6,happy
30,2,6,6,angry
31,2,4,1,angry
31,1,6,6,happy
31,1,5,6,happy
31,2,5,3,angry
31,2,6,6,happy
31,2,5,3,angry
31,1,5,3,angry
31,2,7,3,angry
31,2,5,4,happy
31,2,5,3,angry
31,2,6,2,angry
31,2,5,5,happy
31,2,5,5,happy
31,2,5,3,angry
31,2,6,2,angry
31,2,5,6,happy
31,1,6,4,happy
31,2,4,4,angry
31,1,6,3,angry
31,2,5,3,happy
31,2,5,5,happy
31,1,5,3,angry
31,1,5,3,happy
31,2,5,3,angry
31,2,5,3,angry
31,2,5,2,angry
31,2,4,3,angry
31,2,5,3,angry
31,2,6,4,happy
31,2,6,7,happy
31,2,7,7,happy
31,1,4,3,angry
31,2,5,5,happy
31,1,5,3,angry
31,1,5,3,angry
31,2,4,5,happy
31,2,5,3,happy
31,1,5,4,happy
31,1,5,4,happy
31,2,6,5,angry
32,2,6,1,angry
32,1,5,5,happy
32,1,6,7,happy
32,2,5,1,angry
32,2,5,5,happy
32,2,5,1,angry
32,1,5,1,angry
32,2,5,1,angry
32,2,5,5,happy
32,2,5,1,angry
32,1,6,7,happy
32,2,3,7,happy
32,1,3,1,angry
32,2,5,1,angry
32,2,5,2,angry
32,2,3,6,happy
32,1,5,4,happy
32,2,3,3,angry
32,1,5,2,angry
32,1,5,1,angry
32,2,5,7,happy
32,1,3,2,angry
32,1,3,5,happy
32,2,3,3,angry
32,2,3,1,angry
32,2,5,2,angry
32,2,1,2,angry
32,2,2,2,angry
32,2,6,6,happy
32,2,4,7,happy
32,2,7,7,happy
32,1,2,1,angry
32,2,5,6,happy
32,1,5,1,angry
32,1,5,2,angry
32,2,5,5,happy
32,2,3,1,happy
32,1,3,4,happy
32,1,5,7,happy
32,2,5,7,angry
33,1,5,4,happy
33,1,5,5,happy
33,1,6,5,happy
33,2,6,2,angry
33,2,5,4,happy
33,2,3,3,angry
33,1,5,4,angry
33,2,4,3,angry
33,2,3,4,happy
33,2,4,2,angry
33,1,5,5,happy
33,1,1,4,angry
33,2,5,5,happy
33,2,5,2,angry
33,2,6,4,angry
33,2,5,5,happy
33,1,5,4,happy
33,2,4,3,angry
33,1,5,3,angry
33,1,4,3,angry
33,2,5,5,happy
33,1,4,3,angry
33,1,5,4,happy
33,1,4,3,angry
33,2,5,3,angry
33,2,6,2,angry
33,2,5,3,angry
33,2,4,3,angry
33,1,6,6,happy
33,2,6,6,happy
33,2,6,6,happy
33,1,4,2,angry
33,1,5,6,happy
33,1,4,3,angry
33,1,5,3,angry
33,2,5,5,happy
33,2,4,3,happy
33,1,5,4,happy
33,1,5,5,happy
33,2,5,6,angry
34,1,3,6,happy
34,2,2,6,happy
34,1,3,6,happy
34,2,3,2,angry
34,1,2,6,happy
34,2,3,3,angry
34,2,5,3,angry
34,2,5,1,angry
34,2,5,4,happy
34,2,6,3,angry
34,2,6,3,angry
34,2,3,6,happy
34,2,5,6,happy
34,2,3,3,angry
34,2,6,3,angry
34,2,6,6,happy
34,1,6,4,happy
34,2,5,4,angry
34,1,6,3,angry
34,2,6,5,happy
34,2,6,7,happy
34,1,3,3,angry
34,1,3,5,happy
34,2,3,4,angry
34,2,5,3,angry
34,2,3,3,angry
34,2,3,3,angry
34,2,5,3,angry
34,2,6,7,happy
34,2,6,7,happy
34,2,5,7,happy
34,1,3,3,angry
34,2,5,5,happy
34,1,3,3,angry
34,1,5,4,angry
34,2,3,6,happy
34,2,5,4,happy
34,2,5,3,angry
34,1,6,6,happy
34,2,5,7,angry
35,2,4,2,angry
35,1,5,5,happy
35,1,5,6,happy
35,2,5,2,angry
35,2,5,6,happy
35,2,4,3,angry
35,2,6,3,angry
35,2,5,3,angry
35,2,4,4,happy
35,2,5,3,angry
35,2,5,2,angry
35,2,5,5,happy
35,2,5,5,happy
35,2,6,2,angry
35,2,5,3,angry
35,2,5,6,happy
35,2,6,3,angry
35,2,4,5,angry
35,1,5,3,angry
35,2,6,3,happy
35,2,5,5,happy
35,2,4,4,angry
35,2,5,3,angry
35,2,6,3,angry
35,2,5,3,angry
35,2,5,3,angry
35,2,5,3,angry
35,2,6,2,angry
35,2,6,6,happy
35,1,5,3,angry
35,1,5,2,angry
35,2,5,3,angry
35,2,5,5,happy
35,1,5,2,angry
35,1,6,3,angry
35,2,5,6,happy
35,2,6,4,happy
35,1,5,5,happy
35,1,4,5,happy
35,2,5,5,angry
36,2,4,2,angry
36,1,6,6,happy
36,1,6,7,happy
36,2,6,1,angry
36,2,5,5,happy
36,1,5,5,happy
36,1,6,2,angry
36,2,6,1,angry
36,2,1,4,happy
36,2,5,2,angry
36,1,7,7,happy
36,2,1,6,happy
36,2,6,7,happy
36,2,6,1,angry
36,2,7,3,angry
36,2,6,6,happy
36,1,7,4,happy
36,1,5,4,happy
36,1,5,3,angry
36,2,3,3,happy
36,2,1,4,happy
36,1,5,3,angry
36,1,6,4,happy
36,2,5,4,angry
36,2,6,1,angry
36,2,5,4,angry
36,2,2,3,angry
36,2,6,4,angry
36,1,7,7,happy
36,2,5,5,happy
36,2,7,7,happy
36,1,4,2,angry
36,2,6,6,happy
36,1,4,1,angry
36,1,5,4,angry
36,2,6,6,happy
36,2,7,6,happy
36,1,7,5,happy
36,1,3,4,happy
36,2,4,4,angry
37,2,4,1,angry
37,1,2,6,happy
37,1,7,7,happy
37,2,5,1,angry
37,2,5,6,happy
37,2,2,1,angry
37,2,6,1,angry
37,2,5,1,angry
37,1,3,6,happy
37,2,2,2,angry
37,2,5,1,angry
37,2,5,5,happy
37,2,5,6,happy
37,2,6,2,angry
37,2,6,2,angry
37,2,5,6,happy
37,2,4,4,angry
37,2,4,4,angry
37,1,4,4,angry
37,2,4,4,happy
37,2,4,5,happy
37,1,4,4,angry
37,1,4,4,happy
37,2,4,4,angry
37,2,4,4,angry
37,2,4,4,angry
37,2,4,4,angry
37,2,4,2,angry
37,1,6,6,happy
37,2,4,6,happy
37,2,6,5,happy
37,1,5,2,angry
37,2,4,4,happy
37,1,4,2,angry
37,1,5,2,angry
37,2,6,6,happy
37,2,5,5,happy
37,2,4,2,angry
37,1,4,4,happy
37,2,4,4,angry
38,1,6,5,happy
38,1,5,6,happy
38,1,6,6,happy
38,1,5,3,angry
38,2,5,6,happy
38,2,2,3,angry
38,1,4,4,angry
38,2,4,2,angry
38,1,3,6,happy
38,2,5,6,angry
38,1,6,7,happy
38,2,2,5,happy
38,2,4,6,happy
38,2,6,1,angry
38,2,7,2,angry
38,2,4,7,happy
38,2,2,1,angry
38,2,3,4,angry
38,1,4,2,angry
38,1,2,2,angry
38,2,5,7,happy
38,1,2,2,angry
38,1,6,6,happy
38,1,4,2,angry
38,1,5,5,happy
38,1,4,4,angry
38,1,2,4,happy
38,1,4,4,happy
38,1,6,7,happy
38,2,4,5,happy
38,1,5,2,angry
38,1,4,3,angry
38,2,7,7,happy
38,1,2,2,angry
38,1,7,4,angry
38,2,3,7,happy
38,1,4,7,happy
38,1,6,4,happy
38,1,5,6,happy
38,2,6,4,angry
39,1,3,5,happy
39,1,3,5,happy
39,1,4,6,happy
39,1,6,2,angry
39,2,5,5,happy
39,1,2,6,happy
39,2,5,3,angry
39,2,5,2,angry
39,1,5,6,happy
39,2,5,2,angry
39,1,5,6,happy
39,2,5,4,happy
39,1,3,3,angry
39,2,3,2,angry
39,1,3,3,angry
39,2,4,5,happy
39,1,6,4,happy
39,1,3,4,happy
39,1,5,3,angry
39,2,4,3,happy
39,2,3,5,happy
39,1,4,3,angry
39,1,5,4,happy
39,2,6,3,angry
39,2,5,2,angry
39,2,5,2,angry
39,2,4,2,angry
39,2,5,2,angry
39,1,5,6,happy
39,1,5,4,angry
39,1,5,3,angry
39,1,4,3,angry
39,1,6,5,happy
39,1,4,4,angry
39,1,5,4,angry
39,2,3,5,happy
39,2,4,4,happy
39,1,7,7,happy
39,1,5,7,happy
39,1,3,3,happy